{"0": 0.7099511700649356, "1": 0.960382320728276, "2": 0.3095489134704046, "3": 0.30764302626443063, "4": 0.6957751648462005, "5": 0.8999726658789251, "6": 0.9320513067313205, "7": 0.9544661304277856, "8": 0.308908029920118, "9": 0.6288873189516146, "10": 0.19881585696177884, "11": 0.051137813745543714, "12": 0.09296277322615354, "13": 0.4640300890353424, "14": 0.190648750253666, "15": 0.5305493776721322, "16": 0.14795553368120373, "17": 0.05917455227158219, "18": 0.27010864913282606, "19": 0.7723611353034279, "20": 0.5359034363653199, "21": 0.761889069822511, "22": 0.585868621834755, "23": 0.685848920547972, "24": 0.02034756108729041, "25": 0.23434285653660292, "26": 0.3858003349131026, "27": 0.9463040304967922, "28": 0.9261278515804686, "29": 0.12123397642693101, "30": 0.3910777979735621, "31": 0.4143284563260329, "32": 0.5930667783836018, "33": 0.8793079265446297, "34": 0.7980102126690778, "35": 0.08959598528094603, "36": 0.3010073512673146, "37": 0.4972989097588274, "38": 0.2664903423104332, "39": 0.5732928708941248, "40": 0.9964392161448178, "41": 0.6896120016894645, "42": 0.4945433464817899, "43": 0.2742364581837914, "44": 0.9460392799999336, "45": 0.7341156088627995, "46": 0.08143193349844224, "47": 0.2711784864807275, "48": 0.5984456381615672, "49": 0.8298186395991856, "50": 0.43825762488655706, "51": 0.7890996160502375, "52": 0.7364920146852477, "53": 0.17768141660963543, "54": 0.8111495899873715, "55": 0.14583994929063038, "56": 0.1856874917848329, "57": 0.30680178563727256, "58": 0.18439551427617973, "59": 0.5310210537409862, "60": 0.8832684438765461, "61": 0.6182252034997847, "62": 0.7976142343641797, "63": 0.8161093862126926, "64": 0.36658723190589937, "65": 0.023971745695050117, "66": 0.46496927831291845, "67": 0.019714497984772317, "68": 0.646838000175293, "69": 0.7693563244850345, "70": 0.4266681918590495, "71": 0.8253376480339755, "72": 0.22174505153520352, "73": 0.45240937750086385, "74": 0.15005300045662717, "75": 0.6882726431857807, "76": 0.22353216592073866, "77": 0.5172001203629774, "78": 0.10464202999631278, "79": 0.997017348094948, "80": 0.0737401944169036, "81": 0.17691342858354986, "82": 0.9193448865381991, "83": 0.810375263108844, "84": 0.1932925248604992, "85": 0.8002252843583862, "86": 0.8906485736858115, "87": 0.8568936857349037, "88": 0.13528356763293659, "89": 0.9760442579089648, "90": 0.01579826860549549, "91": 0.3943195084409967, "92": 0.378426401706095, "93": 0.1276707355182607, "94": 0.8307652236645482, "95": 0.3512870870727125, "96": 0.5227962047849152, "97": 0.3466275632804364, "98": 0.06628976919013085, "99": 0.2264171731312311, "100": 0.6366812157738171, "101": 0.4850316661407228, "102": 0.32435657073721214, "103": 0.21440820866211807, "104": 0.7911071059870896, "105": 0.15687449801562803, "106": 0.13845099002389827, "107": 0.8992781063390151, "108": 0.59508766952884, "109": 0.2364857413740079, "110": 0.713960947057966, "111": 0.618496514987367, "112": 0.8054934610878114, "113": 0.6313701497677966, "114": 0.8944799538510582, "115": 0.9343479578370999, "116": 0.74743158835484, "117": 0.22030025731339198, "118": 0.9587226946916614, "119": 0.9140493607610902, "120": 0.5096780596544686, "121": 0.9239425407053355, "122": 0.4939744036970444, "123": 0.8759699544437608, "124": 0.1232455372652469, "125": 0.3619465955947252, "126": 0.4204245640943801, "127": 0.8735217825522809, "128": 0.8691984458625256, "129": 0.7534361943654759, "130": 0.9988498442746467, "131": 0.4218958149872981, "132": 0.11742443793806512, "133": 0.1876336567883472, "134": 0.7579552918418643, "135": 0.2367563670213234, "136": 0.3291818818181317, "137": 0.9693436430371499, "138": 0.6828656986235312, "139": 0.364079084569904, "140": 0.35282776211433076, "141": 0.20808324639358566, "142": 0.49612851497069665, "143": 0.6196677132205658, "144": 0.9082874143862458, "145": 0.7008810600969633, "146": 0.5731611778131884, "147": 0.04110057972998449, "148": 0.4004578226837716, "149": 0.9912334577952758, "150": 0.9829124437120415, "151": 0.577508824802915, "152": 0.19358352919710708, "153": 0.5175827020306958, "154": 0.8066509012769356, "155": 0.9342451020531736, "156": 0.9035170493498286, "157": 0.5894706781546951, "158": 0.8657077258060253, "159": 0.357414674526742, "160": 0.21104390943631635, "161": 0.16119755722768192, "162": 0.5227192193895882, "163": 0.7381591228396892, "164": 0.2884838717460364, "165": 0.5109355799019993, "166": 0.5567068718064282, "167": 0.5067673834364833, "168": 0.9503534124580182, "169": 0.7988091321194778, "170": 0.22590559683243505, "171": 0.07633305509977739, "172": 0.025907959969171168, "173": 0.5281193264131314, "174": 0.14010253657059601, "175": 0.1675005361452785, "176": 0.0006557462524967583, "177": 0.8023035272769999, "178": 0.30617349018689255, "179": 0.2957804996160739, "180": 0.7950107127815973, "181": 0.39658268730000146, "182": 0.8753130579406756, "183": 0.392528164950924, "184": 0.3526970680672049, "185": 0.36498707314398915, "186": 0.5079712135371387, "187": 0.7578443880952987, "188": 0.07258941292404286, "189": 0.00969337781272872, "190": 0.9885171007610662, "191": 0.37316972180013486, "192": 0.9909800030324506, "193": 0.6195505909100334, "194": 0.2583808063897769, "195": 0.7273775278329441, "196": 0.6930998196947856, "197": 0.5607480174237643, "198": 0.24593648132281143, "199": 0.3609330786605556, "200": 0.5647930134152126, "201": 0.8868622101728402, "202": 0.11609961750788145, "203": 0.5853927889620258, "204": 0.7064218894450037, "205": 0.8045693648956512, "206": 0.16492296454618027, "207": 0.35894708736153047, "208": 0.23503236544548456, "209": 0.554772680068383, "210": 0.5106845302046638, "211": 0.0450105154131869, "212": 0.7452000693582127, "213": 0.888700509986474, "214": 0.8447662580392847, "215": 0.21864967693000925, "216": 0.868129011547861, "217": 0.6123283765839531, "218": 0.40809271732122476, "219": 0.5378440724700108, "220": 0.5833056839719475, "221": 0.34985992104917507, "222": 0.950671755512449, "223": 0.8457894756201592, "224": 0.45265472385242145, "225": 0.2922972463722826, "226": 0.6355769312625829, "227": 0.640616387751378, "228": 0.4123508478324648, "229": 0.22105605915490256, "230": 0.6290844382143748, "231": 0.5469899692410647, "232": 0.775199440510168, "233": 0.6293360311756039, "234": 0.7198040255854361, "235": 0.40602516515133724, "236": 0.4874973464067184, "237": 0.23677237293529008, "238": 0.12056434182511555, "239": 0.0675015188837188, "240": 0.9395718964234286, "241": 0.9924918225970749, "242": 0.7148878181815188, "243": 0.08612227121880534, "244": 0.5501119839225522, "245": 0.24158132460760395, "246": 0.013624794246152261, "247": 0.49388715608178724, "248": 0.692038920861327, "249": 0.3050648996743869, "250": 0.2925395952915405, "251": 0.09986647166392071, "252": 0.5361485649494572, "253": 0.9838825430459374, "254": 0.25087691904902876, "255": 0.038661223416944335, "256": 0.9627478251494495, "257": 0.6046046222593748, "258": 0.03197729005916139, "259": 0.026149963069490023, "260": 0.38760243513768766, "261": 0.5397084948612483, "262": 0.7761617571297503, "263": 0.8896738671559686, "264": 0.3401439470839748, "265": 0.4941631536229809, "266": 0.4678203468485267, "267": 0.8339878724466355, "268": 0.23374879205017884, "269": 0.8618817896415226, "270": 0.3429381004658443, "271": 0.7843005100447179, "272": 0.8980018828792998, "273": 0.597199052052541, "274": 0.7369766911323752, "275": 0.2674684033502438, "276": 0.019310900698693456, "277": 0.4847832036630204, "278": 0.9156957579764604, "279": 0.4801754466475958, "280": 0.195342914288144, "281": 0.5632765539803184, "282": 0.7139940233021076, "283": 0.3493055506184518, "284": 0.47422819692681484, "285": 0.9459442647103444, "286": 0.12266976556733156, "287": 0.8639502655534894, "288": 0.7126303157245124, "289": 0.12592659868103984, "290": 0.09964420566872145, "291": 0.35986009016480003, "292": 0.8166906573645788, "293": 0.280030977411334, "294": 0.4919111248683269, "295": 0.18062217734380037, "296": 0.5662783405032324,